input_data,MAE,MSE,R2
train,2757.2385953893777,11939874.508311167,0.45096259376082226
test,3984.439468765307,17710534.88913008,-0.17207914417687564
